EXPSLD1,aaa111,a,a
EXPSLD3,aaa111,a,a
EXPSLD4,aaa111,a,a
EXPSLD5,aaa111,a,a
EXPSLD6,aaa111,a,a
EXPSLD7,aaa111,a,a
EXPSLD8,aaa111,a,a
EXPSLD9,aaa111,a,a
EXPSLD10,aaa111,a,a
EXPSLD11,aaa111,a,a
EXPSLD12,aaa111,a,a
EXPSLD13,aaa111,a,a
EXPSLD14,aaa111,a,a
EXPSLD15,aaa111,a,a
EXPSLD16,aaa111,a,a
EXPSLD17,aaa111,a,a
EXPSLD18,aaa111,a,a
EXPSLD19,aaa111,a,a
EXPSLD20,aaa111,a,a
EXPSLD21,aaa111,a,a
EXPSLD22,aaa111,a,a
EXPSLD23,aaa111,a,a
EXPSLD24,aaa111,a,a
EXPSLD25,aaa111,a,a
EXPSLD26,aaa111,a,a
EXPSLD27,aaa111,a,a
EXPSLD28,aaa111,a,a
EXPSLD29,aaa111,a,a
EXPSLD30,aaa111,a,a
EXPSLD31,aaa111,a,a
EXPSLD32,aaa111,a,a
EXPSLD33,aaa111,a,a
EXPSLD34,aaa111,a,a
EXPSLD35,aaa111,a,a
EXPSLD36,aaa111,a,a
EXPSLD37,aaa111,a,a
EXPSLD38,aaa111,a,a
EXPSLD39,aaa111,a,a
EXPSLD40,aaa111,a,a
EXPSLD41,aaa111,a,a
EXPSLD42,aaa111,a,a
EXPSLD43,aaa111,a,a
EXPSLD44,aaa111,a,a
EXPSLD45,aaa111,a,a
EXPSLD46,aaa111,a,a
EXPSLD47,aaa111,a,a
EXPSLD48,aaa111,a,a
EXPSLD49,aaa111,a,a
EXPSLD50,aaa111,a,a
EXPSLD51,aaa111,a,a
EXPSLD52,aaa111,a,a
EXPSLD53,aaa111,a,a
EXPSLD54,aaa111,a,a
EXPSLD55,aaa111,a,a
EXPSLD56,aaa111,a,a
EXPSLD57,aaa111,a,a
EXPSLD58,aaa111,a,a
EXPSLD59,aaa111,a,a
EXPSLD60,aaa111,a,a
EXPSLD61,aaa111,a,a
EXPSLD62,aaa111,a,a
EXPSLD63,aaa111,a,a
EXPSLD64,aaa111,a,a
EXPSLD65,aaa111,a,a
EXPSLD66,aaa111,a,a
EXPSLD67,aaa111,a,a
EXPSLD68,aaa111,a,a
EXPSLD69,aaa111,a,a
EXPSLD70,aaa111,a,a
EXPSLD71,aaa111,a,a
EXPSLD72,aaa111,a,a
EXPSLD73,aaa111,a,a
EXPSLD74,aaa111,a,a
EXPSLD75,aaa111,a,a
EXPSLD76,aaa111,a,a
EXPSLD77,aaa111,a,a
EXPSLD78,aaa111,a,a
EXPSLD79,aaa111,a,a
EXPSLD80,aaa111,a,a
EXPSLD81,aaa111,a,a
EXPSLD82,aaa111,a,a
EXPSLD83,aaa111,a,a
EXPSLD84,aaa111,a,a
EXPSLD85,aaa111,a,a
EXPSLD86,aaa111,a,a
EXPSLD87,aaa111,a,a
EXPSLD88,aaa111,a,a
EXPSLD89,aaa111,a,a
EXPSLD90,aaa111,a,a
EXPSLD91,aaa111,a,a
EXPSLD92,aaa111,a,a
EXPSLD93,aaa111,a,a
EXPSLD94,aaa111,a,a
EXPSLD95,aaa111,a,a
EXPSLD96,aaa111,a,a
EXPSLD97,aaa111,a,a
EXPSLD98,aaa111,a,a
EXPSLD99,aaa111,a,a
EXPSLD100,aaa111,a,a
EXPSLD101,aaa111,a,a
EXPSLD102,aaa111,a,a
EXPSLD103,aaa111,a,a
EXPSLD104,aaa111,a,a
EXPSLD105,aaa111,a,a
EXPSLD106,aaa111,a,a
EXPSLD107,aaa111,a,a
EXPSLD108,aaa111,a,a
EXPSLD109,aaa111,a,a
EXPSLD110,aaa111,a,a
EXPSLD111,aaa111,a,a
EXPSLD112,aaa111,a,a
EXPSLD113,aaa111,a,a
EXPSLD114,aaa111,a,a
EXPSLD115,aaa111,a,a
EXPSLD116,aaa111,a,a
EXPSLD117,aaa111,a,a
EXPSLD118,aaa111,a,a
EXPSLD119,aaa111,a,a
EXPSLD120,aaa111,a,a
EXPSLD121,aaa111,a,a
EXPSLD122,aaa111,a,a
EXPSLD123,aaa111,a,a
EXPSLD124,aaa111,a,a
EXPSLD125,aaa111,a,a
EXPSLD126,aaa111,a,a
EXPSLD127,aaa111,a,a
EXPSLD128,aaa111,a,a
EXPSLD129,aaa111,a,a
EXPSLD130,aaa111,a,a
EXPSLD131,aaa111,a,a
EXPSLD132,aaa111,a,a
EXPSLD133,aaa111,a,a
EXPSLD134,aaa111,a,a
EXPSLD135,aaa111,a,a
EXPSLD136,aaa111,a,a
EXPSLD137,aaa111,a,a
EXPSLD138,aaa111,a,a
EXPSLD139,aaa111,a,a
EXPSLD140,aaa111,a,a
EXPSLD141,aaa111,a,a
EXPSLD142,aaa111,a,a
EXPSLD143,aaa111,a,a
EXPSLD144,aaa111,a,a
EXPSLD145,aaa111,a,a
EXPSLD146,aaa111,a,a
EXPSLD147,aaa111,a,a
EXPSLD148,aaa111,a,a
EXPSLD149,aaa111,a,a
EXPSLD150,aaa111,a,a
EXPSLD151,aaa111,a,a
EXPSLD152,aaa111,a,a
EXPSLD153,aaa111,a,a
EXPSLD154,aaa111,a,a
EXPSLD155,aaa111,a,a
EXPSLD156,aaa111,a,a
EXPSLD157,aaa111,a,a
EXPSLD158,aaa111,a,a
EXPSLD159,aaa111,a,a
EXPSLD160,aaa111,a,a
EXPSLD161,aaa111,a,a
EXPSLD162,aaa111,a,a
EXPSLD163,aaa111,a,a
EXPSLD164,aaa111,a,a
EXPSLD165,aaa111,a,a
EXPSLD166,aaa111,a,a
EXPSLD167,aaa111,a,a
EXPSLD168,aaa111,a,a
EXPSLD169,aaa111,a,a
EXPSLD170,aaa111,a,a
EXPSLD171,aaa111,a,a
EXPSLD172,aaa111,a,a
EXPSLD173,aaa111,a,a
EXPSLD174,aaa111,a,a
EXPSLD175,aaa111,a,a
EXPSLD176,aaa111,a,a
EXPSLD177,aaa111,a,a
EXPSLD178,aaa111,a,a
EXPSLD179,aaa111,a,a
EXPSLD180,aaa111,a,a
EXPSLD181,aaa111,a,a
EXPSLD182,aaa111,a,a
EXPSLD183,aaa111,a,a
EXPSLD184,aaa111,a,a
EXPSLD185,aaa111,a,a
EXPSLD186,aaa111,a,a
EXPSLD187,aaa111,a,a
EXPSLD188,aaa111,a,a
EXPSLD189,aaa111,a,a
EXPSLD190,aaa111,a,a
EXPSLD191,aaa111,a,a
EXPSLD192,aaa111,a,a
EXPSLD193,aaa111,a,a
EXPSLD194,aaa111,a,a
EXPSLD195,aaa111,a,a
EXPSLD196,aaa111,a,a
EXPSLD197,aaa111,a,a
EXPSLD198,aaa111,a,a
EXPSLD199,aaa111,a,a
EXPSLD200,aaa111,a,a
EXPSLD201,aaa111,a,a
EXPSLD202,aaa111,a,a
EXPSLD203,aaa111,a,a
EXPSLD204,aaa111,a,a
EXPSLD205,aaa111,a,a
EXPSLD206,aaa111,a,a
EXPSLD207,aaa111,a,a
EXPSLD208,aaa111,a,a
EXPSLD209,aaa111,a,a
EXPSLD210,aaa111,a,a
EXPSLD211,aaa111,a,a
EXPSLD212,aaa111,a,a
EXPSLD213,aaa111,a,a
EXPSLD214,aaa111,a,a
EXPSLD215,aaa111,a,a
EXPSLD216,aaa111,a,a
EXPSLD217,aaa111,a,a
EXPSLD218,aaa111,a,a
EXPSLD219,aaa111,a,a
EXPSLD220,aaa111,a,a
EXPSLD221,aaa111,a,a
EXPSLD222,aaa111,a,a
EXPSLD223,aaa111,a,a
EXPSLD224,aaa111,a,a
EXPSLD225,aaa111,a,a
EXPSLD226,aaa111,a,a
EXPSLD227,aaa111,a,a
EXPSLD228,aaa111,a,a
EXPSLD229,aaa111,a,a
EXPSLD230,aaa111,a,a
EXPSLD231,aaa111,a,a
EXPSLD232,aaa111,a,a
EXPSLD233,aaa111,a,a
EXPSLD234,aaa111,a,a
EXPSLD235,aaa111,a,a
EXPSLD236,aaa111,a,a
EXPSLD237,aaa111,a,a
EXPSLD238,aaa111,a,a
EXPSLD239,aaa111,a,a
EXPSLD240,aaa111,a,a
EXPSLD241,aaa111,a,a
EXPSLD242,aaa111,a,a
EXPSLD243,aaa111,a,a
EXPSLD244,aaa111,a,a
EXPSLD245,aaa111,a,a
EXPSLD246,aaa111,a,a
EXPSLD247,aaa111,a,a
EXPSLD248,aaa111,a,a
EXPSLD249,aaa111,a,a
EXPSLD250,aaa111,a,a
EXPSLD251,aaa111,a,a
EXPSLD252,aaa111,a,a
EXPSLD253,aaa111,a,a
EXPSLD254,aaa111,a,a
EXPSLD255,aaa111,a,a
EXPSLD256,aaa111,a,a
EXPSLD257,aaa111,a,a
EXPSLD258,aaa111,a,a
EXPSLD259,aaa111,a,a
EXPSLD260,aaa111,a,a
EXPSLD261,aaa111,a,a
EXPSLD262,aaa111,a,a
EXPSLD263,aaa111,a,a
EXPSLD264,aaa111,a,a
EXPSLD265,aaa111,a,a
EXPSLD266,aaa111,a,a
EXPSLD267,aaa111,a,a
EXPSLD268,aaa111,a,a
EXPSLD269,aaa111,a,a
EXPSLD270,aaa111,a,a
EXPSLD271,aaa111,a,a
EXPSLD272,aaa111,a,a
EXPSLD273,aaa111,a,a
EXPSLD274,aaa111,a,a
EXPSLD275,aaa111,a,a
EXPSLD276,aaa111,a,a
EXPSLD277,aaa111,a,a
EXPSLD278,aaa111,a,a
EXPSLD279,aaa111,a,a
EXPSLD280,aaa111,a,a
EXPSLD281,aaa111,a,a
EXPSLD282,aaa111,a,a
EXPSLD283,aaa111,a,a
EXPSLD284,aaa111,a,a
EXPSLD285,aaa111,a,a
EXPSLD286,aaa111,a,a
EXPSLD287,aaa111,a,a
EXPSLD288,aaa111,a,a
EXPSLD289,aaa111,a,a
EXPSLD290,aaa111,a,a
EXPSLD291,aaa111,a,a
EXPSLD292,aaa111,a,a
EXPSLD293,aaa111,a,a
EXPSLD294,aaa111,a,a
EXPSLD295,aaa111,a,a
EXPSLD296,aaa111,a,a
EXPSLD297,aaa111,a,a
EXPSLD298,aaa111,a,a
EXPSLD299,aaa111,a,a
EXPSLD300,aaa111,a,a
EXPSLD301,aaa111,a,a
EXPSLD302,aaa111,a,a
EXPSLD303,aaa111,a,a
EXPSLD304,aaa111,a,a
EXPSLD305,aaa111,a,a
EXPSLD306,aaa111,a,a
EXPSLD307,aaa111,a,a
EXPSLD308,aaa111,a,a
EXPSLD309,aaa111,a,a
EXPSLD310,aaa111,a,a
EXPSLD311,aaa111,a,a
EXPSLD312,aaa111,a,a
EXPSLD313,aaa111,a,a
EXPSLD314,aaa111,a,a
EXPSLD315,aaa111,a,a
EXPSLD316,aaa111,a,a
EXPSLD317,aaa111,a,a
EXPSLD318,aaa111,a,a
EXPSLD319,aaa111,a,a
EXPSLD320,aaa111,a,a
EXPSLD321,aaa111,a,a
EXPSLD322,aaa111,a,a
EXPSLD323,aaa111,a,a
EXPSLD324,aaa111,a,a
EXPSLD325,aaa111,a,a
EXPSLD326,aaa111,a,a
EXPSLD327,aaa111,a,a
EXPSLD328,aaa111,a,a
EXPSLD329,aaa111,a,a
EXPSLD330,aaa111,a,a
EXPSLD331,aaa111,a,a
EXPSLD332,aaa111,a,a
EXPSLD333,aaa111,a,a
EXPSLD334,aaa111,a,a
EXPSLD335,aaa111,a,a
EXPSLD336,aaa111,a,a
EXPSLD337,aaa111,a,a
EXPSLD338,aaa111,a,a
EXPSLD339,aaa111,a,a
EXPSLD340,aaa111,a,a
EXPSLD341,aaa111,a,a
EXPSLD342,aaa111,a,a
EXPSLD343,aaa111,a,a
EXPSLD344,aaa111,a,a
EXPSLD345,aaa111,a,a
EXPSLD346,aaa111,a,a
EXPSLD347,aaa111,a,a
EXPSLD348,aaa111,a,a
EXPSLD349,aaa111,a,a
EXPSLD350,aaa111,a,a
EXPSLD351,aaa111,a,a
EXPSLD352,aaa111,a,a
EXPSLD353,aaa111,a,a
EXPSLD354,aaa111,a,a
EXPSLD355,aaa111,a,a
EXPSLD356,aaa111,a,a
EXPSLD357,aaa111,a,a
EXPSLD358,aaa111,a,a
EXPSLD359,aaa111,a,a
EXPSLD360,aaa111,a,a
EXPSLD361,aaa111,a,a
EXPSLD362,aaa111,a,a
EXPSLD363,aaa111,a,a
EXPSLD364,aaa111,a,a
EXPSLD365,aaa111,a,a
EXPSLD366,aaa111,a,a
EXPSLD367,aaa111,a,a
EXPSLD368,aaa111,a,a
EXPSLD369,aaa111,a,a
EXPSLD370,aaa111,a,a
EXPSLD371,aaa111,a,a
EXPSLD372,aaa111,a,a
EXPSLD373,aaa111,a,a
EXPSLD374,aaa111,a,a
EXPSLD375,aaa111,a,a
EXPSLD376,aaa111,a,a
EXPSLD377,aaa111,a,a
EXPSLD378,aaa111,a,a
EXPSLD379,aaa111,a,a
EXPSLD380,aaa111,a,a
EXPSLD381,aaa111,a,a
EXPSLD382,aaa111,a,a
EXPSLD383,aaa111,a,a
EXPSLD384,aaa111,a,a
EXPSLD385,aaa111,a,a
EXPSLD386,aaa111,a,a
EXPSLD387,aaa111,a,a
EXPSLD388,aaa111,a,a
EXPSLD389,aaa111,a,a
EXPSLD390,aaa111,a,a
EXPSLD391,aaa111,a,a
EXPSLD392,aaa111,a,a
EXPSLD393,aaa111,a,a
EXPSLD394,aaa111,a,a
EXPSLD395,aaa111,a,a
EXPSLD396,aaa111,a,a
EXPSLD397,aaa111,a,a
EXPSLD398,aaa111,a,a
EXPSLD399,aaa111,a,a
EXPSLD400,aaa111,a,a
EXPSLD401,aaa111,a,a
EXPSLD402,aaa111,a,a
EXPSLD403,aaa111,a,a
EXPSLD404,aaa111,a,a
EXPSLD405,aaa111,a,a
EXPSLD406,aaa111,a,a
EXPSLD407,aaa111,a,a
EXPSLD408,aaa111,a,a
EXPSLD409,aaa111,a,a
EXPSLD410,aaa111,a,a
EXPSLD411,aaa111,a,a
EXPSLD412,aaa111,a,a
EXPSLD413,aaa111,a,a
EXPSLD414,aaa111,a,a
EXPSLD415,aaa111,a,a
EXPSLD416,aaa111,a,a
EXPSLD417,aaa111,a,a
EXPSLD418,aaa111,a,a
EXPSLD419,aaa111,a,a
EXPSLD420,aaa111,a,a
EXPSLD421,aaa111,a,a
EXPSLD422,aaa111,a,a
EXPSLD423,aaa111,a,a
EXPSLD424,aaa111,a,a
EXPSLD425,aaa111,a,a
EXPSLD426,aaa111,a,a
EXPSLD427,aaa111,a,a
EXPSLD428,aaa111,a,a
EXPSLD429,aaa111,a,a
EXPSLD430,aaa111,a,a
EXPSLD431,aaa111,a,a
EXPSLD432,aaa111,a,a
EXPSLD433,aaa111,a,a
EXPSLD434,aaa111,a,a
EXPSLD435,aaa111,a,a
EXPSLD436,aaa111,a,a
EXPSLD437,aaa111,a,a
EXPSLD438,aaa111,a,a
EXPSLD439,aaa111,a,a
EXPSLD440,aaa111,a,a
EXPSLD441,aaa111,a,a
EXPSLD442,aaa111,a,a
EXPSLD443,aaa111,a,a
EXPSLD444,aaa111,a,a
EXPSLD445,aaa111,a,a
EXPSLD446,aaa111,a,a
EXPSLD447,aaa111,a,a
EXPSLD448,aaa111,a,a
EXPSLD449,aaa111,a,a
EXPSLD450,aaa111,a,a
EXPSLD451,aaa111,a,a
EXPSLD452,aaa111,a,a
EXPSLD453,aaa111,a,a
EXPSLD454,aaa111,a,a
EXPSLD455,aaa111,a,a
EXPSLD456,aaa111,a,a
EXPSLD457,aaa111,a,a
EXPSLD458,aaa111,a,a
EXPSLD459,aaa111,a,a
EXPSLD460,aaa111,a,a
EXPSLD461,aaa111,a,a
EXPSLD462,aaa111,a,a
EXPSLD463,aaa111,a,a
EXPSLD464,aaa111,a,a
EXPSLD465,aaa111,a,a
EXPSLD466,aaa111,a,a
EXPSLD467,aaa111,a,a
EXPSLD468,aaa111,a,a
EXPSLD469,aaa111,a,a
EXPSLD470,aaa111,a,a
EXPSLD471,aaa111,a,a
EXPSLD472,aaa111,a,a
EXPSLD473,aaa111,a,a
EXPSLD474,aaa111,a,a
EXPSLD475,aaa111,a,a
EXPSLD476,aaa111,a,a
EXPSLD477,aaa111,a,a
EXPSLD478,aaa111,a,a
EXPSLD479,aaa111,a,a
EXPSLD480,aaa111,a,a
EXPSLD481,aaa111,a,a
EXPSLD482,aaa111,a,a
EXPSLD483,aaa111,a,a
EXPSLD484,aaa111,a,a
EXPSLD485,aaa111,a,a
EXPSLD486,aaa111,a,a
EXPSLD487,aaa111,a,a
EXPSLD488,aaa111,a,a
EXPSLD489,aaa111,a,a
EXPSLD490,aaa111,a,a
EXPSLD491,aaa111,a,a
EXPSLD492,aaa111,a,a
EXPSLD493,aaa111,a,a
EXPSLD494,aaa111,a,a
EXPSLD495,aaa111,a,a
EXPSLD496,aaa111,a,a
EXPSLD497,aaa111,a,a
EXPSLD498,aaa111,a,a
EXPSLD499,aaa111,a,a
EXPSLD500,aaa111,a,a
EXPSLD501,aaa111,a,a
EXPSLD502,aaa111,a,a
EXPSLD503,aaa111,a,a
EXPSLD504,aaa111,a,a
EXPSLD505,aaa111,a,a
EXPSLD506,aaa111,a,a
EXPSLD507,aaa111,a,a
EXPSLD508,aaa111,a,a
EXPSLD509,aaa111,a,a
EXPSLD510,aaa111,a,a
EXPSLD511,aaa111,a,a
EXPSLD512,aaa111,a,a
EXPSLD513,aaa111,a,a
EXPSLD514,aaa111,a,a
EXPSLD515,aaa111,a,a
EXPSLD516,aaa111,a,a
EXPSLD517,aaa111,a,a
EXPSLD518,aaa111,a,a
EXPSLD519,aaa111,a,a
EXPSLD520,aaa111,a,a
EXPSLD521,aaa111,a,a
EXPSLD522,aaa111,a,a
EXPSLD523,aaa111,a,a
EXPSLD524,aaa111,a,a
EXPSLD525,aaa111,a,a
EXPSLD526,aaa111,a,a
EXPSLD527,aaa111,a,a
EXPSLD528,aaa111,a,a
EXPSLD529,aaa111,a,a
EXPSLD530,aaa111,a,a
EXPSLD531,aaa111,a,a
EXPSLD532,aaa111,a,a
EXPSLD533,aaa111,a,a
EXPSLD534,aaa111,a,a
EXPSLD535,aaa111,a,a
EXPSLD536,aaa111,a,a
EXPSLD537,aaa111,a,a
EXPSLD538,aaa111,a,a
EXPSLD539,aaa111,a,a
EXPSLD540,aaa111,a,a
EXPSLD541,aaa111,a,a
EXPSLD542,aaa111,a,a
EXPSLD543,aaa111,a,a
EXPSLD544,aaa111,a,a
EXPSLD545,aaa111,a,a
EXPSLD546,aaa111,a,a
EXPSLD547,aaa111,a,a
EXPSLD548,aaa111,a,a
EXPSLD549,aaa111,a,a
EXPSLD550,aaa111,a,a
EXPSLD551,aaa111,a,a
EXPSLD552,aaa111,a,a
EXPSLD553,aaa111,a,a
EXPSLD554,aaa111,a,a
EXPSLD555,aaa111,a,a
EXPSLD556,aaa111,a,a
EXPSLD557,aaa111,a,a
EXPSLD558,aaa111,a,a
EXPSLD559,aaa111,a,a
EXPSLD560,aaa111,a,a
EXPSLD561,aaa111,a,a
EXPSLD562,aaa111,a,a
EXPSLD563,aaa111,a,a
EXPSLD564,aaa111,a,a
EXPSLD565,aaa111,a,a
EXPSLD566,aaa111,a,a
EXPSLD567,aaa111,a,a
EXPSLD568,aaa111,a,a
EXPSLD569,aaa111,a,a
EXPSLD570,aaa111,a,a
EXPSLD571,aaa111,a,a
EXPSLD572,aaa111,a,a
EXPSLD573,aaa111,a,a
EXPSLD574,aaa111,a,a
EXPSLD575,aaa111,a,a
EXPSLD576,aaa111,a,a
EXPSLD577,aaa111,a,a
EXPSLD578,aaa111,a,a
EXPSLD579,aaa111,a,a
EXPSLD580,aaa111,a,a
EXPSLD581,aaa111,a,a
EXPSLD582,aaa111,a,a
EXPSLD583,aaa111,a,a
EXPSLD584,aaa111,a,a
EXPSLD585,aaa111,a,a
EXPSLD586,aaa111,a,a
EXPSLD587,aaa111,a,a
EXPSLD588,aaa111,a,a
EXPSLD589,aaa111,a,a
EXPSLD590,aaa111,a,a
EXPSLD591,aaa111,a,a
EXPSLD592,aaa111,a,a
EXPSLD593,aaa111,a,a
EXPSLD594,aaa111,a,a
EXPSLD595,aaa111,a,a
EXPSLD596,aaa111,a,a
EXPSLD597,aaa111,a,a
EXPSLD598,aaa111,a,a
EXPSLD599,aaa111,a,a
EXPSLD600,aaa111,a,a
EXPSLD601,aaa111,a,a
EXPSLD602,aaa111,a,a
EXPSLD603,aaa111,a,a
EXPSLD604,aaa111,a,a
EXPSLD605,aaa111,a,a
EXPSLD606,aaa111,a,a
EXPSLD607,aaa111,a,a
EXPSLD608,aaa111,a,a
EXPSLD609,aaa111,a,a
EXPSLD610,aaa111,a,a
EXPSLD611,aaa111,a,a
EXPSLD612,aaa111,a,a
EXPSLD613,aaa111,a,a
EXPSLD614,aaa111,a,a
EXPSLD615,aaa111,a,a
EXPSLD616,aaa111,a,a
EXPSLD617,aaa111,a,a
EXPSLD618,aaa111,a,a
EXPSLD619,aaa111,a,a
EXPSLD620,aaa111,a,a
EXPSLD621,aaa111,a,a
EXPSLD622,aaa111,a,a
EXPSLD623,aaa111,a,a
EXPSLD624,aaa111,a,a
EXPSLD625,aaa111,a,a
EXPSLD626,aaa111,a,a
EXPSLD627,aaa111,a,a
EXPSLD628,aaa111,a,a
EXPSLD629,aaa111,a,a
EXPSLD630,aaa111,a,a
EXPSLD631,aaa111,a,a
EXPSLD632,aaa111,a,a
EXPSLD633,aaa111,a,a
EXPSLD634,aaa111,a,a
EXPSLD635,aaa111,a,a
EXPSLD636,aaa111,a,a
EXPSLD637,aaa111,a,a
EXPSLD638,aaa111,a,a
EXPSLD639,aaa111,a,a
EXPSLD640,aaa111,a,a
EXPSLD641,aaa111,a,a
EXPSLD642,aaa111,a,a
EXPSLD643,aaa111,a,a
EXPSLD644,aaa111,a,a
EXPSLD645,aaa111,a,a
EXPSLD646,aaa111,a,a
EXPSLD647,aaa111,a,a
EXPSLD648,aaa111,a,a
EXPSLD649,aaa111,a,a
EXPSLD650,aaa111,a,a
EXPSLD651,aaa111,a,a
EXPSLD652,aaa111,a,a
EXPSLD653,aaa111,a,a
EXPSLD654,aaa111,a,a
EXPSLD655,aaa111,a,a
EXPSLD656,aaa111,a,a
EXPSLD657,aaa111,a,a
EXPSLD658,aaa111,a,a
EXPSLD659,aaa111,a,a
EXPSLD660,aaa111,a,a
EXPSLD661,aaa111,a,a
EXPSLD662,aaa111,a,a
EXPSLD663,aaa111,a,a
EXPSLD664,aaa111,a,a
EXPSLD665,aaa111,a,a
EXPSLD666,aaa111,a,a
EXPSLD667,aaa111,a,a
EXPSLD668,aaa111,a,a
EXPSLD669,aaa111,a,a
EXPSLD670,aaa111,a,a
EXPSLD671,aaa111,a,a
EXPSLD672,aaa111,a,a
EXPSLD673,aaa111,a,a
EXPSLD674,aaa111,a,a
EXPSLD675,aaa111,a,a
EXPSLD676,aaa111,a,a
EXPSLD677,aaa111,a,a
EXPSLD678,aaa111,a,a
EXPSLD679,aaa111,a,a
EXPSLD680,aaa111,a,a
EXPSLD681,aaa111,a,a
EXPSLD682,aaa111,a,a
EXPSLD683,aaa111,a,a
EXPSLD684,aaa111,a,a
EXPSLD685,aaa111,a,a
EXPSLD686,aaa111,a,a
EXPSLD687,aaa111,a,a
EXPSLD688,aaa111,a,a
EXPSLD689,aaa111,a,a
EXPSLD690,aaa111,a,a
EXPSLD691,aaa111,a,a
EXPSLD692,aaa111,a,a
EXPSLD693,aaa111,a,a
EXPSLD694,aaa111,a,a
EXPSLD695,aaa111,a,a
EXPSLD696,aaa111,a,a
EXPSLD697,aaa111,a,a
EXPSLD698,aaa111,a,a
EXPSLD699,aaa111,a,a
EXPSLD700,aaa111,a,a
EXPSLD701,aaa111,a,a
